"","rmse","train_time","test_time"
"1",0.11236,160.499,0.115000000001601
"2",0.11606,156.302,0.117000000000189
"3",0.11058,145.863000000001,0.104999999999563
"4",0.10987,141.829,0.0840000000007421
"5",0.10783,133.037999999999,0.0960000000013679
"6",0.12018,164.723,0.121999999999389
"7",0.12959,151.081,0.131999999999607
"8",0.11652,150.835999999999,0.104999999999563
"9",0.11912,180.221000000001,0.109999999998763
"10",0.11648,142.818000000001,0.126000000000204
